artist,genres
ABBA,europop
Ace Of Base,bubblegum dance
Ace Of Base,eurodance
Ace Of Base,europop
Ace Of Base,hip house
Ace Of Base,pop rock
Adam Sandler,comedy
Adele,pop
Aerosmith,hard rock
Aerosmith,rock
Air Supply,soft rock
Alabama,country
Alabama,country rock
Alan Parsons Project,art rock
Alan Parsons Project,progressive rock
Alan Parsons Project,soft rock
Aled Jones,operatic pop
Alice Cooper,blues rock
Alice Cooper,glam metal
Alice Cooper,glam rock
Alice Cooper,hard rock
Alice Cooper,rock
Alice In Chains,alternative metal
Alice In Chains,alternative rock
Alice In Chains,grunge
Alice In Chains,hard rock
Alice In Chains,nu metal
Alice In Chains,post-grunge
Alice In Chains,rock
Alison Krauss,bluegrass
Alison Krauss,folk
Alison Krauss,progressive bluegrass
Allman Brothers Band,blues rock
Allman Brothers Band,country rock
Allman Brothers Band,electric blues
Allman Brothers Band,folk rock
Allman Brothers Band,hard rock
Allman Brothers Band,psychedelic rock
Allman Brothers Band,rock
Allman Brothers Band,soft rock
Allman Brothers Band,southern rock
Alphaville,europop
Alphaville,new romantic
Alphaville,new wave
Alphaville,synthpop
America,art rock
America,country rock
America,folk
America,folk rock
America,rock
America,soft rock
Andrea Bocelli,operatic pop
Andy Williams,easy listening
Ariana Grande,pop
Ariel Rivera,soft rock
Arlo Guthrie,country rock
Arlo Guthrie,folk
Arlo Guthrie,folk rock
Arlo Guthrie,singer-songwriter
Arlo Guthrie,traditional folk
Avril Lavigne,pop
Backstreet Boys,europop
Backstreet Boys,pop
Barbra Streisand,soft rock
Beach Boys,baroque pop
Beach Boys,folk rock
Beach Boys,psychedelic rock
Beach Boys,rock
Beach Boys,sunshine pop
The Beatles,psychedelic rock
The Beatles,rock
Beautiful South,britpop
Beautiful South,pop rock
Bee Gees,disco
Bee Gees,soft rock
Bette Midler,soft rock
Bill Withers,funk
Bill Withers,soul
Billie Holiday,jazz blues
Billie Holiday,soul
Billie Holiday,vocal jazz
Billy Joel,folk rock
Billy Joel,rock
Billy Joel,singer-songwriter
Billy Joel,soft rock
Bing Crosby,easy listening
Black Sabbath,hard rock
Black Sabbath,rock
Black Sabbath,stoner rock
Blur,alternative rock
Blur,britpop
Blur,garage rock
Blur,pop rock
Blur,rock
Bob Dylan,country rock
Bob Dylan,folk
Bob Dylan,folk rock
Bob Dylan,rock
Bob Dylan,singer-songwriter
Bob Marley,reggae
Bob Rivers,parody
Bob Seger,blues rock
Bob Seger,country rock
Bob Seger,folk rock
Bob Seger,hard rock
Bob Seger,rock
Bob Seger,soft rock
Bon Jovi,glam metal
Bon Jovi,rock
Boney M.,disco
Boney M.,europop
Bonnie Raitt,country rock
Bonnie Raitt,electric blues
Bonnie Raitt,folk
Bonnie Raitt,folk rock
Bonnie Raitt,pop rock
Bonnie Raitt,singer-songwriter
Bonnie Raitt,soft rock
Bosson,art rock
Bosson,country rock
Bosson,hard rock
Bosson,rock
Bosson,soft rock
Bread,country rock
Bread,folk
Bread,folk rock
Bread,soft rock
Britney Spears,pop
Bruce Springsteen,rock
Bruce Springsteen,singer-songwriter
Bruno Mars,pop
Bryan White,country
Cake,alternative rock
Cake,garage rock
Cake,pop rock
Cake,post-grunge
Cake,rock
Carly Simon,country rock
Carly Simon,folk
Carly Simon,folk rock
Carly Simon,singer-songwriter
Carly Simon,soft rock
Carpenters,soft rock
Cat Stevens,folk
Cat Stevens,folk rock
Cat Stevens,rock
Cat Stevens,singer-songwriter
Cat Stevens,soft rock
Chaka Khan,disco
Chaka Khan,funk
Chaka Khan,neo soul
Chaka Khan,post-disco
Chaka Khan,soul
Cheap Trick,art rock
Cheap Trick,glam metal
Cheap Trick,glam rock
Cheap Trick,hard rock
Cheap Trick,pop rock
Cheap Trick,power pop
Cheap Trick,rock
Cheap Trick,soft rock
Cher,pop
Chicago,folk rock
Chicago,soft rock
Chris Brown,pop
Chris Rea,art rock
Chris Rea,blues rock
Chris Rea,soft rock
Christina Aguilera,pop
Christina Perri,pop
Christina Perri,pop rock
Christy Moore,celtic
Chuck Berry,blues rock
Chuck Berry,folk rock
Chuck Berry,rock
Chuck Berry,rockabilly
Chuck Berry,soul
Cinderella,glam metal
Cinderella,hard rock
Cinderella,rock
Clash,rock
Cliff Richard,bubblegum pop
Cliff Richard,rockabilly
Cliff Richard,soft rock
Coldplay,pop
Conway Twitty,country
Conway Twitty,country rock
Counting Crows,alternative rock
Counting Crows,pop rock
Counting Crows,post-grunge
Counting Crows,rock
Creedence Clearwater Revival,country rock
Creedence Clearwater Revival,rock
Creedence Clearwater Revival,southern rock
Crowded House,pop rock
Crowded House,rock
Culture Club,disco
Culture Club,europop
Culture Club,new romantic
Culture Club,new wave
Culture Club,soft rock
Culture Club,synthpop
Cyndi Lauper,europop
Cyndi Lauper,pop
Cyndi Lauper,pop rock
Cyndi Lauper,soft rock
Dan Fogelberg,bubblegum pop
Dan Fogelberg,country rock
Dan Fogelberg,folk
Dan Fogelberg,folk rock
Dan Fogelberg,soft rock
Dave Matthews Band,pop rock
David Allan Coe,country
David Allan Coe,country rock
David Allan Coe,outlaw country
David Bowie,art rock
David Bowie,glam rock
David Bowie,rock
David Guetta,pop
David Guetta,tropical house
David Pomeranz,soft rock
Dean Martin,easy listening
Dean Martin,vocal jazz
Deep Purple,blues rock
Deep Purple,hard rock
Deep Purple,psychedelic rock
Deep Purple,rock
Def Leppard,glam metal
Def Leppard,hard rock
Def Leppard,rock
Demi Lovato,pop
Depeche Mode,new romantic
Depeche Mode,new wave
Depeche Mode,synthpop
Devo,alternative rock
Devo,art punk
Devo,art rock
Devo,garage rock
Devo,new romantic
Devo,new wave
Devo,post-punk
Devo,synthpop
Diana Ross,disco
Diana Ross,funk
Diana Ross,soft rock
Diana Ross,soul
Dire Straits,blues rock
Dire Straits,rock
Dire Straits,soft rock
Dolly Parton,country
Don Henley,art rock
Don Henley,country rock
Don Henley,folk
Don Henley,folk rock
Don Henley,pop rock
Don Henley,rock
Don Henley,singer-songwriter
Don Henley,soft rock
Don McLean,folk
Don McLean,folk rock
Don McLean,singer-songwriter
Don McLean,soft rock
Don McLean,traditional folk
Donna Summer,disco
Donna Summer,hi-nrg
Doobie Brothers,art rock
Doobie Brothers,blues rock
Doobie Brothers,country rock
Doobie Brothers,folk rock
Doobie Brothers,hard rock
Doobie Brothers,rock
Doobie Brothers,soft rock
Doors,acid rock
Doors,psychedelic rock
Doors,rock
Doris Day,easy listening
Doris Day,vocal jazz
Drake,hip hop
Dream Theater,progressive metal
Dream Theater,progressive rock
Dream Theater,rock
Dusty Springfield,bubblegum pop
Dusty Springfield,folk
Dusty Springfield,folk rock
Dusty Springfield,rock
Dusty Springfield,soul
Dusty Springfield,vocal jazz
Eagles,country rock
Eagles,folk rock
Eagles,rock
Eagles,soft rock
Ed Sheeran,pop
Eddie Cochran,rockabilly
Electric Light Orchestra,art rock
Electric Light Orchestra,folk rock
Electric Light Orchestra,glam rock
Electric Light Orchestra,rock
Electric Light Orchestra,soft rock
Ella Fitzgerald,jazz blues
Ella Fitzgerald,swing
Ella Fitzgerald,vocal jazz
Ellie Goulding,pop
Ellie Goulding,tropical house
Elton John,glam rock
Elton John,soft rock
Elvis Costello,art rock
Elvis Costello,folk
Elvis Costello,folk rock
Elvis Costello,power pop
Elvis Costello,rock
Elvis Costello,singer-songwriter
Elvis Presley,rockabilly
Eminem,hip hop
Emmylou Harris,country rock
Emmylou Harris,folk
Emmylou Harris,folk rock
Emmylou Harris,singer-songwriter
Emmylou Harris,traditional folk
Engelbert Humperdinck,easy listening
Enrique Iglesias,latin
Enrique Iglesias,latin pop
Enrique Iglesias,mexican pop
Enrique Iglesias,pop
Enrique Iglesias,tropical
Enya,celtic
Erasure,europop
Erasure,new romantic
Erasure,new wave
Erasure,synthpop
Eric Clapton,blues rock
Eric Clapton,electric blues
Eric Clapton,rock
Eric Clapton,soft rock
Etta James,jazz blues
Etta James,soul
Etta James,soul blues
Etta James,vocal jazz
Europe,glam metal
Europe,hard rock
Europe,rock
Eurythmics,disco
Eurythmics,europop
Eurythmics,new romantic
Eurythmics,new wave
Eurythmics,rock
Eurythmics,soft rock
Eurythmics,synthpop
Evanescence,alternative metal
Evanescence,post-grunge
Everclear,alternative metal
Everclear,alternative rock
Everclear,pop rock
Everclear,post-grunge
Everclear,rock
Everlast,rap rock
Extreme,funk metal
Extreme,glam metal
Extreme,hard rock
Extreme,rock
Fabolous,hip hop
Fabolous,trap
Face To Face,melodic hardcore
Face To Face,ska punk
Face To Face,skate punk
Faces,art rock
Faces,blues rock
Faces,country rock
Faces,electric blues
Faces,folk rock
Faces,glam rock
Faces,hard rock
Faces,power pop
Faces,psychedelic rock
Faces,rock
Faces,soft rock
Faith Hill,country
Faith Hill,pop rock
Faith No More,alternative metal
Faith No More,alternative rock
Faith No More,funk metal
Faith No More,hard rock
Faith No More,nu metal
Faith No More,post-grunge
Faith No More,rap metal
Faith No More,rock
Falco,austropop
Falco,new romantic
Falco,new wave
Fall Out Boy,emo
Fall Out Boy,pop punk
Fastball,pop rock
Fastball,post-grunge
Fatboy Slim,big beat
Fifth Harmony,pop
Fiona Apple,indie pop
Fiona Apple,pop rock
Fiona Apple,singer-songwriter
Fleetwood Mac,rock
Fleetwood Mac,soft rock
Flo-Rida,pop
Foo Fighters,alternative metal
Foo Fighters,alternative rock
Foo Fighters,post-grunge
Foo Fighters,rock
Foreigner,hard rock
Foreigner,rock
Foreigner,soft rock
Frank Sinatra,easy listening
Frank Zappa,art rock
Frank Zappa,experimental
Frank Zappa,experimental rock
Frank Zappa,hard rock
Frank Zappa,jazz fusion
Frank Zappa,jazz rock
Frank Zappa,progressive rock
Frank Zappa,psychedelic rock
Frank Zappa,rock
Frankie Goes To Hollywood,art rock
Frankie Goes To Hollywood,hi-nrg
Frankie Goes To Hollywood,new romantic
Frankie Goes To Hollywood,new wave
Frankie Goes To Hollywood,soft rock
Frankie Goes To Hollywood,synthpop
Frankie Laine,easy listening
Frankie Valli,bubblegum pop
Frankie Valli,folk rock
Frankie Valli,northern soul
Freddie King,blues
Freddie King,blues rock
Freddie King,electric blues
Freddie King,texas blues
Fun.,baroque pop
Fun.,pop
Fun.,pop rock
Garth Brooks,country
Gary Numan,art rock
Gary Numan,industrial rock
Gary Numan,new romantic
Gary Numan,new wave
Gary Numan,post-punk
Gary Numan,synthpop
Genesis,art rock
Genesis,progressive rock
Genesis,rock
Genesis,soft rock
George Harrison,folk rock
George Harrison,psychedelic rock
George Harrison,rock
George Harrison,soft rock
George Jones,country
George Jones,country rock
George Jones,honky tonk
George Michael,soft rock
George Strait,country
Gino Vannelli,soft rock
Gipsy Kings,flamenco
Gipsy Kings,rumba
Glen Campbell,bubblegum pop
Glen Campbell,folk
Glen Campbell,folk rock
Glen Campbell,nashville sound
Glen Campbell,soft rock
Glen Campbell,traditional folk
Gloria Estefan,latin pop
Gloria Estefan,pop
Gloria Estefan,soft rock
Gloria Gaynor,disco
GMB,country pop
Gordon Lightfoot,country rock
Gordon Lightfoot,folk
Gordon Lightfoot,folk rock
Gordon Lightfoot,rock
Gordon Lightfoot,singer-songwriter
Gordon Lightfoot,soft rock
Gordon Lightfoot,traditional folk
Grand Funk Railroad,art rock
Grand Funk Railroad,blues rock
Grand Funk Railroad,country rock
Grand Funk Railroad,folk rock
Grand Funk Railroad,hard rock
Grand Funk Railroad,psychedelic rock
Grand Funk Railroad,rock
Grand Funk Railroad,soft rock
Grateful Dead,country rock
Grateful Dead,folk rock
Grateful Dead,psychedelic rock
Grateful Dead,rock
Gucci Mane,hip hop
Gucci Mane,trap
Guided By Voices,alternative rock
Guided By Voices,anti-folk
Guided By Voices,art rock
Guided By Voices,dream pop
Guided By Voices,experimental rock
Guided By Voices,freak folk
Guided By Voices,garage rock
Guided By Voices,indie pop
Guided By Voices,indie rock
Guided By Voices,jangle pop
Guided By Voices,lo-fi
Guided By Voices,noise rock
Guided By Voices,post-hardcore
Guided By Voices,power pop
Guided By Voices,shoegaze
Guns N' Roses,glam metal
Guns N' Roses,hard rock
Guns N' Roses,rock
Hank Snow,nashville sound
Hank Williams,country
Hank Williams,country rock
Hank Williams,outlaw country
Hank Williams Jr.,country
Hank Williams Jr.,country rock
Hank Williams Jr.,outlaw country
Hanson,pop rock
Happy Mondays,big beat
Happy Mondays,britpop
Happy Mondays,new wave
Harry Belafonte,calypso
"Harry Connick, Jr.",vocal jazz
Heart,hard rock
Heart,pop rock
Heart,rock
Heart,soft rock
Helloween,hard rock
Helloween,power metal
Helloween,progressive metal
Helloween,rock
Helloween,speed metal
Helloween,thrash metal
HIM,gothic metal
Hollies,bubblegum pop
Hollies,country rock
Hollies,folk
Hollies,folk rock
Hollies,psychedelic rock
Hollies,rock
Hollies,soft rock
Hooverphonic,downtempo
Hooverphonic,electronica
Hooverphonic,trip hop
Housemartins,britpop
Housemartins,new romantic
Housemartins,new wave
Howard Jones,new romantic
Howard Jones,new wave
Howard Jones,soft rock
Howard Jones,synthpop
Human League,art rock
Human League,new romantic
Human League,new wave
Human League,synthpop
Ian Hunter,glam rock
Ian Hunter,power pop
Ice Cube,conscious hip hop
Ice Cube,hardcore hip hop
Ice Cube,hip hop
Iggy Pop,alternative rock
Iggy Pop,garage rock
Iggy Pop,glam rock
Iggy Pop,new wave
Iggy Pop,rock
Il Divo,operatic pop
Imagine Dragons,rock
Incubus,alternative metal
Incubus,alternative rock
Incubus,funk metal
Incubus,nu metal
Incubus,pop rock
Incubus,post-grunge
Incubus,rock
Indigo Girls,folk
Indigo Girls,pop rock
Ingrid Michaelson,pop
Ingrid Michaelson,pop rock
Insane Clown Posse,rap rock
INXS,new romantic
INXS,new wave
INXS,pop rock
INXS,rock
INXS,soft rock
Iron Butterfly,acid rock
Iron Butterfly,art rock
Iron Butterfly,blues rock
Iron Butterfly,folk rock
Iron Butterfly,hard rock
Iron Butterfly,psychedelic rock
Iron Butterfly,rock
Iron Maiden,hard rock
Iron Maiden,rock
Isley Brothers,disco
Isley Brothers,funk
Isley Brothers,soul
Isley Brothers,southern soul
J Cole,conscious hip hop
J Cole,hip hop
Jackson Browne,country rock
Jackson Browne,folk
Jackson Browne,folk rock
Jackson Browne,rock
Jackson Browne,singer-songwriter
Jackson Browne,soft rock
Jackson Browne,traditional folk
The Jam,new wave
The Jam,rock
The Jam,ska
James Taylor,folk
James Taylor,folk rock
James Taylor,rock
James Taylor,singer-songwriter
James Taylor,soft rock
Janis Joplin,blues rock
Janis Joplin,psychedelic rock
Janis Joplin,rock
Jason Mraz,pop
Jason Mraz,pop rock
Jennifer Lopez,pop
Jim Croce,country rock
Jim Croce,folk
Jim Croce,folk rock
Jim Croce,rock
Jim Croce,singer-songwriter
Jim Croce,soft rock
Jimi Hendrix,acid rock
Jimi Hendrix,blues rock
Jimi Hendrix,hard rock
Jimi Hendrix,psychedelic rock
Jimi Hendrix,rock
Jimmy Buffett,country
Jimmy Buffett,country rock
Jimmy Buffett,folk rock
Jimmy Buffett,soft rock
John Denver,folk
John Denver,folk rock
John Denver,soft rock
John Legend,neo soul
John Legend,pop
John Martyn,folk
John Martyn,folk rock
John Martyn,psychedelic folk
John Martyn,singer-songwriter
John Martyn,traditional folk
John Mellencamp,country rock
John Mellencamp,folk rock
John Mellencamp,pop rock
John Mellencamp,rock
John Mellencamp,singer-songwriter
John Mellencamp,soft rock
John Prine,alternative country
John Prine,country rock
John Prine,folk
John Prine,folk rock
John Prine,indie folk
John Prine,singer-songwriter
John Prine,traditional folk
John Waite,soft rock
Johnny Cash,outlaw country
Joni Mitchell,folk
Joni Mitchell,folk rock
Joni Mitchell,pop rock
Joni Mitchell,rock
Joni Mitchell,singer-songwriter
Joni Mitchell,traditional folk
Jose Mari Chan,manila sound
Josh Groban,operatic pop
Journey,hard rock
Journey,rock
Journey,soft rock
Joy Division,alternative rock
Joy Division,garage rock
Joy Division,new wave
Joy Division,post-punk
Joy Division,rock
Judas Priest,groove metal
Judas Priest,hard rock
Judas Priest,power metal
Judas Priest,rock
Judds,country
Judds,country rock
Judy Garland,vocal jazz
Justin Bieber,pop
Justin Timberlake,pop
Kate Bush,art rock
Kate Bush,baroque pop
Kate Bush,singer-songwriter
Katy Perry,pop
Keith Urban,australian country
Keith Urban,country
Kelly Clarkson,pop
Kelly Clarkson,pop rock
Kenny Chesney,country
Kenny Loggins,soft rock
Kenny Rogers,country
Kenny Rogers,nashville sound
Kenny Rogers,soft rock
Kid Rock,alternative metal
Kid Rock,nu metal
Kid Rock,post-grunge
The Killers,rock
Kim Wilde,europop
Kim Wilde,new romantic
Kim Wilde,new wave
Kim Wilde,soft rock
King Crimson,art rock
King Crimson,jazz fusion
King Crimson,jazz rock
King Crimson,progressive rock
King Crimson,psychedelic rock
King Crimson,rock
King Diamond,death metal
King Diamond,groove metal
King Diamond,hard rock
King Diamond,power metal
King Diamond,progressive metal
King Diamond,rock
King Diamond,speed metal
King Diamond,thrash metal
Kinks,art rock
Kinks,folk rock
Kinks,glam rock
Kinks,psychedelic rock
Kinks,rock
Kiss,glam rock
Kiss,hard rock
Kiss,rock
Korn,alternative metal
Korn,funk metal
Korn,nu metal
Korn,post-grunge
Korn,rap metal
Korn,rock
Kris Kristofferson,country rock
Kris Kristofferson,folk
Kris Kristofferson,folk rock
Kris Kristofferson,outlaw country
Kris Kristofferson,singer-songwriter
Kris Kristofferson,traditional folk
Kyla,uk funky
Kylie Minogue,electropop
Kylie Minogue,eurodance
Kylie Minogue,europop
Kylie Minogue,pop
Kylie Minogue,pop rock
Lady Gaga,pop
Lana Del Rey,pop
Lauryn Hill,conscious hip hop
Lauryn Hill,hip pop
Lauryn Hill,neo soul
Lauryn Hill,pop
Leann Rimes,country
Leann Rimes,pop rock
Lenny Kravitz,pop rock
Lenny Kravitz,rock
Leo Sayer,bubblegum pop
Leo Sayer,disco
Leo Sayer,folk
Leo Sayer,folk rock
Leo Sayer,soft rock
Leonard Cohen,folk
Leonard Cohen,folk rock
Leonard Cohen,singer-songwriter
Lil Wayne,hip hop
Lil Wayne,trap
Linda Ronstadt,country rock
Linda Ronstadt,folk
Linda Ronstadt,folk rock
Linda Ronstadt,singer-songwriter
Linda Ronstadt,soft rock
Linda Ronstadt,traditional folk
Linkin Park,alternative metal
Linkin Park,nu metal
Linkin Park,post-grunge
Linkin Park,rap metal
Lionel Richie,disco
Lionel Richie,soft rock
Little Mix,pop
Little Walter,blues
Little Walter,chicago blues
Little Walter,electric blues
Little Walter,louisiana blues
LL Cool J,hardcore hip hop
LL Cool J,hip hop
LL Cool J,hip pop
LL Cool J,new jack swing
LL Cool J,old school hip hop
Lloyd Cole,art rock
Lloyd Cole,new romantic
Lloyd Cole,new wave
Lorde,electropop
Lorde,pop
Loretta Lynn,country
Loretta Lynn,country rock
Loretta Lynn,nashville sound
Loretta Lynn,traditional folk
Lou Reed,art rock
Lou Reed,glam rock
Lou Reed,psychedelic rock
Lou Reed,rock
Lou Reed,singer-songwriter
Louis Armstrong,dixieland
Louis Armstrong,swing
Louis Armstrong,vocal jazz
Louis Jordan,rhythm and blues
Louis Jordan,swing
Lucky Dube,lovers rock
Lucky Dube,reggae
Luther Vandross,funk
Luther Vandross,neo soul
Luther Vandross,new jack swing
Luther Vandross,soul
Lynyrd Skynyrd,blues rock
Lynyrd Skynyrd,country rock
Lynyrd Skynyrd,hard rock
Lynyrd Skynyrd,rock
Lynyrd Skynyrd,southern rock
Madonna,pop
Manowar,hard rock
Manowar,power metal
Manowar,progressive metal
Manowar,rock
Manowar,speed metal
Mariah Carey,pop
Marianne Faithfull,folk
Marianne Faithfull,folk rock
Marianne Faithfull,traditional folk
Marillion,art rock
Marillion,progressive rock
Marillion,soft rock
Marilyn Manson,alternative metal
Marilyn Manson,industrial
Marilyn Manson,industrial metal
Marilyn Manson,industrial rock
Marilyn Manson,nu metal
Mark Ronson,pop
Maroon 5,pop
Maroon 5,pop rock
Mary Black,celtic
Mary Black,folk
Matt Monro,easy listening
Mazzy Star,alternative rock
Mazzy Star,dream pop
Mc Hammer,hip hop
Mc Hammer,hip house
Mc Hammer,new jack swing
Meat Loaf,rock
Meat Loaf,soft rock
Megadeth,alternative metal
Megadeth,groove metal
Megadeth,hard rock
Megadeth,rock
Megadeth,speed metal
Megadeth,thrash metal
Men At Work,new romantic
Men At Work,new wave
Men At Work,rock
Men At Work,soft rock
Metallica,hard rock
Metallica,rock
Metallica,speed metal
Metallica,thrash metal
Michael Bolton,soft rock
Michael Jackson,pop
Michael Jackson,soul
Migos,hip hop
Migos,trap
Miley Cyrus,pop
Misfits,horror punk
Modern Talking,eurodance
Modern Talking,europop
Modern Talking,synthpop
The Monkees,bubblegum pop
The Monkees,country rock
The Monkees,folk rock
The Monkees,psychedelic rock
The Monkees,rock
The Monkees,soft rock
The Monkees,sunshine pop
Moody Blues,art rock
Moody Blues,country rock
Moody Blues,folk
Moody Blues,folk rock
Moody Blues,hard rock
Moody Blues,progressive rock
Moody Blues,psychedelic rock
Moody Blues,rock
Moody Blues,soft rock
Morrissey,alternative rock
Morrissey,britpop
Morrissey,new wave
Morrissey,rock
'n Sync,europop
'n Sync,pop
Nat King Cole,vocal jazz
Natalie Cole,soft rock
Natalie Cole,soul
Natalie Cole,vocal jazz
Natalie Imbruglia,europop
Natalie Imbruglia,pop rock
Nazareth,blues rock
Nazareth,hard rock
Nazareth,rock
Ne-Yo,pop
Neil Diamond,folk
Neil Diamond,folk rock
Neil Diamond,singer-songwriter
Neil Diamond,soft rock
Neil Sedaka,bubblegum pop
Neil Sedaka,folk rock
Neil Sedaka,rockabilly
Neil Sedaka,soft rock
Neil Young,rock
Neil Young,singer-songwriter
New Order,art rock
New Order,britpop
New Order,new romantic
New Order,new wave
New Order,post-punk
New Order,rock
New Order,synthpop
Nick Drake,folk
Nick Drake,folk rock
Nick Drake,freak folk
Nick Drake,indie folk
Nick Drake,rock
Nick Drake,singer-songwriter
Nickelback,alternative metal
Nickelback,nu metal
Nickelback,post-grunge
Nicki Minaj,hip pop
Nicki Minaj,pop
Nightwish,gothic metal
Nightwish,power metal
Nightwish,symphonic metal
Nina Simone,jazz blues
Nina Simone,soul
Nina Simone,soul jazz
Nina Simone,vocal jazz
Nine Inch Nails,alternative metal
Nine Inch Nails,alternative rock
Nine Inch Nails,electronic rock
Nine Inch Nails,industrial
Nine Inch Nails,industrial metal
Nine Inch Nails,industrial rock
Nine Inch Nails,nu metal
Nine Inch Nails,post-grunge
Nine Inch Nails,rock
Nirvana,alternative rock
Nirvana,grunge
Nirvana,post-grunge
Nirvana,rock
Nitty Gritty Dirt Band,bluegrass
Nitty Gritty Dirt Band,country
Nitty Gritty Dirt Band,country rock
Nitty Gritty Dirt Band,folk
Nitty Gritty Dirt Band,folk rock
Nitty Gritty Dirt Band,soft rock
Nitty Gritty Dirt Band,traditional folk
NOFX,skate punk
Norah Jones,vocal jazz
Notorious B.I.G.,hardcore hip hop
Notorious B.I.G.,hip hop
O.A.R.,pop rock
Oasis,britpop
Oasis,rock
Ocean Colour Scene,britpop
Offspring,alternative metal
Offspring,post-grunge
Offspring,rock
Offspring,skate punk
Oingo Boingo,new romantic
Oingo Boingo,new wave
Oingo Boingo,synthpop
Old 97's,alternative country
Old 97's,alternative rock
Old 97's,indie folk
Olivia Newton-John,bubblegum pop
Olivia Newton-John,disco
Olivia Newton-John,soft rock
Olly Murs,europop
Olly Murs,pop
Olly Murs,pop rock
Omd,new romantic
Omd,new wave
Omd,synthpop
One Direction,pop
OneRepublic,pop
OneRepublic,pop rock
Opeth,alternative metal
Opeth,groove metal
Opeth,progressive metal
Opeth,rock
Orphaned Land,folk metal
Orphaned Land,progressive metal
Otis Redding,funk
Otis Redding,soul
Otis Redding,soul blues
Otis Redding,southern soul
Our Lady Peace,alternative metal
Our Lady Peace,alternative rock
Our Lady Peace,pop rock
Our Lady Peace,post-grunge
Our Lady Peace,rock
Outkast,hip hop
Overkill,crossover thrash
Overkill,death metal
Overkill,groove metal
Overkill,hard rock
Overkill,power metal
Overkill,rock
Overkill,speed metal
Overkill,thrash metal
Owl City,pop
Owl City,pop rock
Ozzy Osbourne,hard rock
Ozzy Osbourne,rock
Passenger,pop
Pat Benatar,rock
Pat Benatar,soft rock
Patsy Cline,nashville sound
Patti Smith,art punk
Patti Smith,art rock
Patti Smith,folk rock
Patti Smith,rock
Paul McCartney,art rock
Paul McCartney,folk rock
Paul McCartney,rock
Paul McCartney,soft rock
Paul Simon,folk
Paul Simon,folk rock
Paul Simon,rock
Paul Simon,singer-songwriter
Paul Simon,soft rock
Pearl Jam,alternative rock
Pearl Jam,grunge
Pearl Jam,post-grunge
Pearl Jam,rock
Perry Como,easy listening
Pet Shop Boys,europop
Pet Shop Boys,new romantic
Pet Shop Boys,new wave
Pet Shop Boys,synthpop
Peter Cetera,soft rock
Peter Gabriel,art rock
Peter Gabriel,rock
Peter Gabriel,soft rock
Peter Tosh,dub
Peter Tosh,reggae
Pharrell Williams,pop
Phil Collins,soft rock
Phish,blues rock
Pink Floyd,art rock
Pink Floyd,progressive rock
Pink Floyd,psychedelic rock
Pink Floyd,rock
Pitbull,latin
Pitbull,pop
P!nk,pop
Pogues,celtic
Pogues,celtic punk
Pogues,folk punk
Poison,glam metal
Poison,hard rock
Poison,rock
Pretenders,art rock
Pretenders,folk
Pretenders,folk rock
Pretenders,new romantic
Pretenders,new wave
Pretenders,pop rock
Pretenders,rock
Pretenders,soft rock
Primus,alternative metal
Primus,alternative rock
Primus,funk metal
Primus,garage rock
Primus,hard rock
Primus,nu metal
Primus,post-grunge
Primus,rock
Prince,funk
Procol Harum,art rock
Procol Harum,blues rock
Procol Harum,folk rock
Procol Harum,progressive rock
Procol Harum,psychedelic rock
Puff Daddy,hip hop
Puff Daddy,hip pop
Q-Tip,alternative hip hop
Q-Tip,hardcore hip hop
Q-Tip,hip hop
Q-Tip,neo soul
Qntal,dark wave
Qntal,ethereal wave
Quarashi,rap rock
Quarterflash,soft rock
Queen,glam rock
Queen,rock
Queen Latifah,conscious hip hop
Queen Latifah,hip hop
Queen Latifah,hip pop
Queens Of The Stone Age,alternative metal
Queens Of The Stone Age,alternative rock
Queens Of The Stone Age,blues rock
Queens Of The Stone Age,garage rock
Queens Of The Stone Age,nu metal
Queens Of The Stone Age,post-grunge
Queens Of The Stone Age,rock
Queens Of The Stone Age,stoner rock
Queensryche,glam metal
Queensryche,hard rock
Queensryche,progressive metal
Queensryche,rock
Queensryche,speed metal
Quicksand,alternative metal
Quicksand,emo
Quicksand,grunge
Quicksand,hardcore
Quicksand,math rock
Quicksand,post-hardcore
Quicksilver Messenger Service,acid rock
Quicksilver Messenger Service,blues rock
Quicksilver Messenger Service,country rock
Quicksilver Messenger Service,folk rock
Quicksilver Messenger Service,freakbeat
Quicksilver Messenger Service,psychedelic rock
Quiet Riot,glam metal
Quiet Riot,hard rock
Quiet Riot,rock
Quietdrive,pop punk
Quietdrive,pop rock
Quincy Jones,disco
Quincy Jones,funk
Quincy Jones,soul
Radiohead,alternative rock
Radiohead,art rock
Radiohead,rock
Rage Against The Machine,alternative metal
Rage Against The Machine,alternative rock
Rage Against The Machine,conscious hip hop
Rage Against The Machine,funk metal
Rage Against The Machine,nu metal
Rage Against The Machine,post-grunge
Rage Against The Machine,rap metal
Rage Against The Machine,rap rock
Rage Against The Machine,rock
Rammstein,alternative metal
Rammstein,industrial
Rammstein,industrial metal
Rammstein,industrial rock
Rammstein,nu metal
Ramones,rock
Ramones,skate punk
Randy Travis,country
Randy Travis,country rock
Rascal Flatts,country
Ray Charles,jazz blues
Ray Charles,soul
Ray Charles,soul blues
Ray Charles,vocal jazz
Reba Mcentire,country
Red Hot Chili Peppers,alternative rock
Red Hot Chili Peppers,funk metal
Red Hot Chili Peppers,post-grunge
Red Hot Chili Peppers,rock
Regine Velasquez,manila sound
Rem,hip pop
Reo Speedwagon,country rock
Reo Speedwagon,folk rock
Reo Speedwagon,hard rock
Reo Speedwagon,pop rock
Reo Speedwagon,rock
Reo Speedwagon,soft rock
Richard Marx,soft rock
Rick Astley,europop
Rick Astley,new romantic
Rick Astley,new wave
Rick Astley,soft rock
Rihanna,pop
Robbie Williams,europop
Robbie Williams,pop
Rod Stewart,soft rock
Rolling Stones,rock
Roxette,europop
Roxette,pop rock
Roxy Music,art rock
Roxy Music,glam rock
Roxy Music,new romantic
Roxy Music,new wave
Roxy Music,rock
Roxy Music,soft rock
Roy Orbison,bubblegum pop
Roy Orbison,folk rock
Roy Orbison,rock
Roy Orbison,rockabilly
Roy Orbison,soft rock
Rush,art rock
Rush,hard rock
Rush,progressive rock
Rush,rock
Sam Smith,pop
Santana,blues rock
Savage Garden,europop
Savage Garden,pop rock
Scorpions,hard rock
Scorpions,rock
Selena Gomez,pop
Sia,pop
Slayer,alternative metal
Slayer,death metal
Slayer,groove metal
Slayer,hard rock
Slayer,nu metal
Slayer,rock
Slayer,speed metal
Slayer,thrash metal
Smiths,new wave
Smiths,rock
Snoop Dogg,hip hop
Soundgarden,alternative metal
Soundgarden,alternative rock
Soundgarden,grunge
Soundgarden,hard rock
Soundgarden,nu metal
Soundgarden,post-grunge
Soundgarden,rock
Spandau Ballet,disco
Spandau Ballet,europop
Spandau Ballet,new romantic
Spandau Ballet,new wave
Spandau Ballet,soft rock
Spandau Ballet,synthpop
Squeeze,art rock
Squeeze,jangle pop
Squeeze,new romantic
Squeeze,new wave
Squeeze,power pop
Squeeze,rock
Starship,new romantic
Starship,new wave
Starship,soft rock
Status Quo,blues rock
Status Quo,glam rock
Status Quo,hard rock
Status Quo,rock
Steely Dan,art rock
Steely Dan,country rock
Steely Dan,folk
Steely Dan,folk rock
Steely Dan,psychedelic rock
Steely Dan,rock
Steely Dan,soft rock
Steve Miller Band,art rock
Steve Miller Band,blues rock
Steve Miller Band,country rock
Steve Miller Band,folk rock
Steve Miller Band,hard rock
Steve Miller Band,psychedelic rock
Steve Miller Band,rock
Steve Miller Band,soft rock
Stevie Ray Vaughan,blues
Stevie Ray Vaughan,blues rock
Stevie Ray Vaughan,electric blues
Stevie Ray Vaughan,rock
Stevie Ray Vaughan,texas blues
Stevie Wonder,funk
Stevie Wonder,soul
Sting,soft rock
Stone Roses,britpop
Stone Roses,rock
Stone Temple Pilots,alternative metal
Stone Temple Pilots,alternative rock
Stone Temple Pilots,grunge
Stone Temple Pilots,hard rock
Stone Temple Pilots,nu metal
Stone Temple Pilots,pop rock
Stone Temple Pilots,post-grunge
Stone Temple Pilots,rock
Styx,art rock
Styx,folk rock
Styx,hard rock
Styx,progressive rock
Styx,rock
Styx,soft rock
Sublime,reggae fusion
Sublime,ska punk
Supertramp,art rock
Supertramp,folk rock
Supertramp,glam rock
Supertramp,progressive rock
Supertramp,rock
Supertramp,soft rock
System Of A Down,alternative metal
System Of A Down,nu metal
System Of A Down,post-grunge
System Of A Down,rap metal
System Of A Down,rock
Talking Heads,art punk
Talking Heads,art rock
Talking Heads,folk rock
Talking Heads,new wave
Talking Heads,post-punk
Talking Heads,rock
Taylor Swift,pop
Tears For Fears,new romantic
Tears For Fears,new wave
Tears For Fears,rock
Tears For Fears,soft rock
Tears For Fears,synthpop
The Temptations,funk
The Temptations,soul
Ten Years After,art rock
Ten Years After,blues
Ten Years After,blues rock
Ten Years After,country rock
Ten Years After,electric blues
Ten Years After,folk rock
Ten Years After,hard rock
Ten Years After,psychedelic rock
Ten Years After,rock
The Script,pop
The Script,pop rock
The Weeknd,pop
Thin Lizzy,blues rock
Thin Lizzy,hard rock
Thin Lizzy,rock
Tiffany,soft rock
Tim Buckley,art rock
Tim Buckley,country rock
Tim Buckley,experimental
Tim Buckley,folk
Tim Buckley,folk rock
Tim Buckley,psychedelic folk
Tim Buckley,psychedelic rock
Tim Buckley,singer-songwriter
Tim Buckley,traditional folk
Tim McGraw,country
Tina Turner,disco
Tina Turner,europop
Tina Turner,soft rock
Tom T. Hall,country
Tom T. Hall,country rock
Tom T. Hall,folk
Tom T. Hall,outlaw country
Tom T. Hall,traditional folk
Tom Waits,folk
Tom Waits,folk rock
Tom Waits,singer-songwriter
Tool,alternative metal
Tool,alternative rock
Tool,art rock
Tool,nu metal
Tool,post-grunge
Tool,post-metal
Tool,progressive metal
Tool,progressive rock
Tool,rock
Tori Amos,folk
Tori Amos,pop rock
Tori Amos,singer-songwriter
Toto,rock
Toto,soft rock
Townes Van Zandt,alternative country
Townes Van Zandt,country rock
Townes Van Zandt,folk
Townes Van Zandt,folk rock
Townes Van Zandt,outlaw country
Townes Van Zandt,singer-songwriter
Townes Van Zandt,texas country
Townes Van Zandt,traditional folk
Tracy Chapman,folk
Tracy Chapman,pop rock
Tracy Chapman,singer-songwriter
Tragically Hip,rock
Train,pop
Train,pop rock
Twenty One Pilots,rock
U2,rock
UB40,reggae fusion
Ufo,blues rock
Ufo,glam metal
Ufo,hard rock
Ufo,rock
Ugly Kid Joe,funk metal
Ugly Kid Joe,glam metal
Ugly Kid Joe,hard rock
Ugly Kid Joe,post-grunge
Ultramagnetic Mc's,alternative hip hop
Ultramagnetic Mc's,electro
Ultramagnetic Mc's,hardcore hip hop
Ultramagnetic Mc's,hip hop
Ultramagnetic Mc's,old school hip hop
Ultravox,art rock
Ultravox,new romantic
Ultravox,new wave
Ultravox,synthpop
Uncle Kracker,country
Uncle Kracker,pop rock
Uncle Kracker,post-grunge
Uncle Tupelo,alternative country
Uncle Tupelo,alternative rock
Uncle Tupelo,country rock
Uncle Tupelo,folk
Uncle Tupelo,folk rock
Uncle Tupelo,indie folk
Uncle Tupelo,power pop
Uncle Tupelo,traditional folk
Underoath,christian metal
Underoath,melodic metalcore
Underoath,metalcore
Underoath,post-hardcore
Underoath,screamo
Underworld,alternative dance
Underworld,big beat
Underworld,electronica
Underworld,new rave
Unearth,deathcore
Unearth,groove metal
Unearth,melodic metalcore
Unearth,metalcore
Unearth,nu metal
Unkle,alternative dance
Unkle,big beat
Unkle,electronica
Unkle,trip hop
Unseen,ska punk
Unseen,skate punk
Unwritten Law,pop punk
Unwritten Law,post-grunge
Unwritten Law,skate punk
Uriah Heep,art rock
Uriah Heep,blues rock
Uriah Heep,hard rock
Uriah Heep,progressive rock
Uriah Heep,psychedelic rock
Uriah Heep,rock
Used,emo
Used,pop punk
Used,post-hardcore
Used,screamo
Usher,pop
Utada Hikaru,j-pop
Utopia,art rock
Utopia,progressive rock
Van Halen,hard rock
Van Halen,rock
Van Morrison,folk
Van Morrison,folk rock
Van Morrison,rock
Van Morrison,singer-songwriter
Van Morrison,soft rock
Vanilla Ice,hip house
Velvet Underground,alternative rock
Velvet Underground,art rock
Velvet Underground,folk rock
Velvet Underground,psychedelic rock
Velvet Underground,rock
Vengaboys,bubblegum dance
Vengaboys,eurodance
Vengaboys,europop
Vertical Horizon,pop rock
Vertical Horizon,post-grunge
Veruca Salt,alternative rock
Veruca Salt,grunge
Veruca Salt,post-grunge
Verve,alternative rock
Verve,britpop
Verve,pop rock
Verve,rock
Verve,shoegaze
Vince Gill,country
Vince Gill,country rock
Violent Femmes,alternative rock
Violent Femmes,rock
Virgin Steele,power metal
Virgin Steele,progressive metal
Virgin Steele,speed metal
Vybz Kartel,dancehall
Vybz Kartel,reggae fusion
Walk The Moon,indie pop
Walk The Moon,pop rock
Walk The Moon,rock
Wanda Jackson,nashville sound
Wanda Jackson,rockabilly
Wang Chung,new romantic
Wang Chung,new wave
Wang Chung,soft rock
Wang Chung,synthpop
Warren Zevon,country rock
Warren Zevon,folk
Warren Zevon,folk rock
Warren Zevon,rock
Warren Zevon,singer-songwriter
Warren Zevon,soft rock
Warren Zevon,traditional folk
W.A.S.P.,glam metal
W.A.S.P.,hard rock
W.A.S.P.,rock
W.A.S.P.,speed metal
W.A.S.P.,thrash metal
Waterboys,art rock
Waterboys,rock
Waylon Jennings,country
Waylon Jennings,country rock
Waylon Jennings,outlaw country
Waylon Jennings,texas country
Ween,alternative rock
Weezer,alternative rock
Weezer,pop rock
Weezer,post-grunge
Weezer,rock
Weird Al Yankovic,comedy rock
Weird Al Yankovic,parody
Westlife,europop
Wet Wet Wet,europop
Wet Wet Wet,new romantic
Wet Wet Wet,soft rock
Wham!,europop
Wham!,new romantic
Wham!,new wave
Whiskeytown,alternative country
Whiskeytown,country rock
Whiskeytown,folk
Whiskeytown,indie folk
The White Stripes,alternative rock
The White Stripes,blues rock
The White Stripes,garage rock
The White Stripes,punk blues
The White Stripes,rock
Whitesnake,glam metal
Whitesnake,hard rock
Whitesnake,rock
Whitney Houston,pop
Who,art rock
Who,folk rock
Who,hard rock
Who,rock
Widespread Panic,blues rock
Widespread Panic,southern rock
Will Smith,hip hop
Willie Nelson,country
Willie Nelson,country rock
Willie Nelson,nashville sound
Willie Nelson,outlaw country
Willie Nelson,singer-songwriter
Willie Nelson,texas country
Wilson Phillips,pop rock
Wilson Phillips,soft rock
Wilson Pickett,folk rock
Wilson Pickett,funk
Wilson Pickett,soul
Wilson Pickett,southern soul
Wishbone Ash,art rock
Wishbone Ash,blues rock
Wishbone Ash,hard rock
Wishbone Ash,progressive rock
Wishbone Ash,psychedelic rock
Wishbone Ash,rock
Within Temptation,gothic metal
Within Temptation,power metal
Within Temptation,symphonic metal
Wiz Khalifa,hip hop
Wiz Khalifa,trap
Wu-Tang Clan,hardcore hip hop
Wu-Tang Clan,hip hop
X Japan,j-pop
X Japan,visual kei
X-Raided,hyphy
X-Ray Spex,post-punk
X-Ray Spex,riot grrrl
X-Treme,bubblegum dance
Xandria,gothic metal
Xandria,symphonic metal
Xentrix,crossover thrash
Xentrix,speed metal
Xentrix,thrash metal
Xiu Xiu,alternative rock
Xiu Xiu,anti-folk
Xiu Xiu,dream pop
Xiu Xiu,experimental
Xiu Xiu,experimental rock
Xiu Xiu,freak folk
Xiu Xiu,noise rock
Xscape,hip hop
Xscape,hip pop
Xscape,neo soul
Xscape,new jack swing
XTC,alternative rock
XTC,art punk
XTC,art rock
XTC,jangle pop
XTC,new romantic
XTC,new wave
XTC,post-punk
XTC,power pop
Xzibit,hardcore hip hop
Xzibit,hip hop
Yazoo,new romantic
Yazoo,new wave
Yazoo,synthpop
Yeah Yeah Yeahs,alternative dance
Yeah Yeah Yeahs,alternative rock
Yeah Yeah Yeahs,dance-punk
Yeah Yeah Yeahs,garage rock
Yeah Yeah Yeahs,indie pop
Yeah Yeah Yeahs,indie rock
Yeah Yeah Yeahs,new rave
Yeah Yeah Yeahs,rock
Yelawolf,hip hop
Yello,brostep
Yello,electro house
Yellowcard,emo
Yellowcard,pop punk
Yellowcard,pop rock
Yellowcard,post-grunge
Yes,art rock
Yes,hard rock
Yes,jazz fusion
Yes,progressive rock
Yes,rock
YG,hip hop
YG,trap
Ying Yang Twins,crunk
Ying Yang Twins,hip hop
Ying Yang Twins,hip pop
Ying Yang Twins,trap
Yngwie Malmsteen,hard rock
Yngwie Malmsteen,power metal
Yngwie Malmsteen,progressive metal
Yngwie Malmsteen,rock
Yngwie Malmsteen,speed metal
Yo Gotti,hip hop
Yo Gotti,trap
Yo La Tengo,alternative rock
Yo La Tengo,anti-folk
Yo La Tengo,dream pop
Yo La Tengo,freak folk
Yo La Tengo,indie folk
Yo La Tengo,indie pop
Yo La Tengo,indie rock
Yo La Tengo,lo-fi
Yo La Tengo,rock
Yoko Ono,experimental
Yonder Mountain String Band,bluegrass
Yonder Mountain String Band,indie folk
Yonder Mountain String Band,progressive bluegrass
Young Buck,crunk
Young Buck,hip hop
Young Buck,trap
Young Dro,crunk
Young Dro,trap
Young Jeezy,crunk
Young Jeezy,hip hop
Young Jeezy,trap
Youngbloodz,crunk
Youth Of Today,crossover thrash
Youth Of Today,hardcore
Yukmouth,hyphy
Yung Joc,crunk
Yung Joc,trap
Zac Brown Band,country
Zakk Wylde,groove metal
Zao,christian metal
Zao,christian punk
Zao,mathcore
Zao,melodic metalcore
Zayn Malik,electropop
Zayn Malik,pop
Zebrahead,funk metal
Zebrahead,pop punk
Zebrahead,rap rock
Zebrahead,skate punk
Zero 7,downtempo
Zero 7,electronica
Zero 7,nu jazz
Zero 7,trip hop
Zeromancer,electro-industrial
Zeromancer,futurepop
Zeromancer,industrial metal
Zeromancer,industrial rock
Ziggy Marley,reggae
ZZ Top,blues rock
ZZ Top,country rock
ZZ Top,hard rock
ZZ Top,rock
Van Der Graaf Generator,art rock
Van Der Graaf Generator,canterbury scene
Van Der Graaf Generator,experimental
Van Der Graaf Generator,jazz fusion
Van Der Graaf Generator,progressive rock
Van Der Graaf Generator,psychedelic rock
Van Der Graaf Generator,space rock
Zazie,chanson
Zazie,french pop
ABBA,swedish pop
Ace Of Base,dance pop
Adam Sandler,comic
Adele,british soul
Adele,uk pop
Aerosmith,album rock
Aerosmith,classic rock
Air Supply,adult standards
Air Supply,mellow gold
Aiza Seguerra,classic opm
Aiza Seguerra,opm
Alabama,country road
Alan Parsons Project,album rock
Alan Parsons Project,classic rock
Alan Parsons Project,mellow gold
Alan Parsons Project,symphonic rock
Alice Cooper,album rock
Alice Cooper,classic rock
Alice Cooper,metal
Alice Cooper,protopunk
Alison Krauss,lilith
Allman Brothers Band,album rock
Allman Brothers Band,classic rock
Allman Brothers Band,jam band
Allman Brothers Band,mellow gold
Allman Brothers Band,roots rock
Alphaville,dance rock
Alphaville,new wave pop
America,album rock
America,classic rock
America,mellow gold
America,roots rock
Amy Grant,adult standards
Amy Grant,christian alternative rock
Amy Grant,christian music
Andrea Bocelli,classical tenor
Andrea Bocelli,italian tenor
Andy Williams,adult standards
Andy Williams,brill building pop
Andy Williams,lounge
Andy Williams,mellow gold
Ariana Grande,dance pop
Ariana Grande,post-teen pop
Ariel Rivera,classic opm
Ariel Rivera,opm
Ariel Rivera,pinoy rock
Arlo Guthrie,mellow gold
Arlo Guthrie,roots rock
Arrogant Worms,comic
Arrogant Worms,kingston on indie
Avril Lavigne,canadian pop
Avril Lavigne,candy pop
Avril Lavigne,dance pop
Avril Lavigne,post-teen pop
Backstreet Boys,boy band
Backstreet Boys,dance pop
Barbra Streisand,adult standards
Barbra Streisand,hollywood
Barbra Streisand,mellow gold
Beach Boys,brill building pop
Beach Boys,classic rock
The Beatles,british invasion
The Beatles,classic rock
The Beatles,merseybeat
Beautiful South,classic uk pop
Beautiful South,dance rock
Beautiful South,melancholia
Beautiful South,new wave pop
Bee Gees,adult standards
Bee Gees,mellow gold
Bette Midler,adult standards
Bette Midler,mellow gold
Bette Midler,new wave pop
Bill Withers,classic soul
Bill Withers,motown
Bill Withers,quiet storm
Billie Holiday,adult standards
Billie Holiday,lounge
Billie Holiday,torch song
Billy Joel,album rock
Billy Joel,classic rock
Billy Joel,mellow gold
Billy Joel,piano rock
Bing Crosby,adult standards
Bing Crosby,lounge
Black Sabbath,album rock
Black Sabbath,birmingham metal
Black Sabbath,classic rock
Black Sabbath,metal
Black Sabbath,uk doom metal
Blur,dance rock
Blur,madchester
Blur,modern rock
Blur,permanent wave
Bob Dylan,album rock
Bob Dylan,classic rock
Bob Dylan,mellow gold
Bob Dylan,roots rock
Bob Rivers,comic
Bob Seger,album rock
Bob Seger,classic rock
Bob Seger,heartland rock
Bob Seger,mellow gold
Bonnie Raitt,classic rock
Bonnie Raitt,lilith
Bonnie Raitt,mellow gold
Bonnie Raitt,roots rock
Bosson,album rock
Bosson,classic rock
Bosson,mellow gold
Bread,adult standards
Bread,mellow gold
Britney Spears,dance pop
Britney Spears,pop rap
Britney Spears,post-teen pop
Bruce Springsteen,classic rock
Bruce Springsteen,heartland rock
Bruce Springsteen,mellow gold
Bruce Springsteen,permanent wave
Bruno Mars,post-teen pop
Bryan White,oklahoma country
Cake,modern rock
Cake,sacramento indie
Carly Simon,adult standards
Carly Simon,classic uk pop
Carly Simon,mellow gold
Carol Banawa,classic opm
Carol Banawa,opm
Carpenters,adult standards
Carpenters,mellow gold
Cat Stevens,british folk
Cat Stevens,classic rock
Cat Stevens,mellow gold
Cat Stevens,roots rock
Celine Dion,canadian pop
Celine Dion,dance pop
Chaka Khan,dance pop
Chaka Khan,motown
Chaka Khan,quiet storm
Chaka Khan,urban contemporary
Cheap Trick,album rock
Cheap Trick,classic rock
Cheap Trick,dance rock
Cheap Trick,heartland rock
Cheap Trick,mellow gold
Cheap Trick,new wave pop
Cher,dance pop
Cher,hollywood
Cher,new wave pop
Chicago,adult standards
Chicago,album rock
Chicago,classic rock
Chicago,mellow gold
Chicago,yacht rock
Chris Brown,dance pop
Chris Brown,pop rap
Chris Brown,r&b
Chris Brown,rap
Chris Rea,album rock
Chris Rea,classic rock
Chris Rea,classic uk pop
Chris Rea,mellow gold
Christina Aguilera,dance pop
Christina Aguilera,post-teen pop
Christina Perri,dance pop
Christina Perri,neo mellow
Christina Perri,post-teen pop
Christina Perri,viral pop
,
Christy Moore,irish folk
Chuck Berry,classic rock
Chuck Berry,rock-and-roll
Cinderella,album rock
Cinderella,metal
Clash,classic rock
Clash,dance rock
Clash,permanent wave
Clash,punk
Cliff Richard,adult standards
Cliff Richard,brill building pop
Cliff Richard,classic uk pop
Cliff Richard,mellow gold
Cliff Richard,rock-and-roll
Coldplay,permanent wave
Cole Porter,tin pan alley
Conway Twitty,arkansas country
Counting Crows,neo mellow
Creedence Clearwater Revival,album rock
Creedence Clearwater Revival,classic rock
Creedence Clearwater Revival,roots rock
Crowded House,australian rock
Crowded House,dance rock
Crowded House,mellow gold
Crowded House,permanent wave
Culture Club,dance rock
Culture Club,mellow gold
Culture Club,new wave pop
Cyndi Lauper,dance pop
Cyndi Lauper,dance rock
Cyndi Lauper,mellow gold
Cyndi Lauper,new wave pop
Cyndi Lauper,permanent wave
Dan Fogelberg,adult standards
Dan Fogelberg,classic rock
Dan Fogelberg,mellow gold
Dan Fogelberg,yacht rock
Dave Matthews Band,jam band
Dave Matthews Band,neo mellow
David Bowie,album rock
David Bowie,classic rock
David Bowie,dance rock
David Bowie,permanent wave
David Bowie,protopunk
David Guetta,dance pop
David Guetta,edm
David Pomeranz,classic opm
David Pomeranz,opm
Dean Martin,adult standards
Dean Martin,lounge
Deep Purple,album rock
Deep Purple,classic rock
Deep Purple,metal
Def Leppard,album rock
Def Leppard,classic rock
Def Leppard,nwobhm
Demi Lovato,dance pop
Demi Lovato,post-teen pop
Depeche Mode,dance rock
Depeche Mode,permanent wave
Devo,dance rock
Devo,punk
Devo,synth punk
Devo,zolo
Dewa 19,indonesian indie
Dewa 19,indonesian pop
Dewa 19,indonesian rock
Diana Ross,adult standards
Diana Ross,mellow gold
Diana Ross,motown
Diana Ross,quiet storm
Dire Straits,album rock
Dire Straits,classic rock
Dire Straits,mellow gold
Dolly Parton,classic country pop
Dolly Parton,country dawn
Don Henley,album rock
Don Henley,classic rock
Don Henley,heartland rock
Don Henley,mellow gold
Don Henley,roots rock
Don Henley,yacht rock
Don McLean,adult standards
Don McLean,classic rock
Don McLean,mellow gold
Don Moen,christian relaxative
Don Moen,messianic praise
Don Moen,tagalog worship
Don Moen,world worship
Don Moen,worship
Donna Summer,dance pop
Donna Summer,motown
Donna Summer,new wave pop
Doobie Brothers,album rock
Doobie Brothers,classic rock
Doobie Brothers,heartland rock
Doobie Brothers,mellow gold
Doobie Brothers,roots rock
Doobie Brothers,yacht rock
Doors,album rock
Doors,classic rock
Doors,piano rock
Doris Day,adult standards
Doris Day,brill building pop
Doris Day,lounge
Drake,canadian hip hop
Drake,canadian pop
Drake,pop rap
Drake,rap
Drake,toronto rap
Dream Theater,metal
Dusty Springfield,adult standards
Dusty Springfield,brill building pop
Dusty Springfield,british invasion
Dusty Springfield,classic uk pop
Dusty Springfield,lounge
Dusty Springfield,mellow gold
Dusty Springfield,motown
Eagles,album rock
Eagles,classic rock
Eagles,heartland rock
Eagles,mellow gold
Eagles,yacht rock
Ed Sheeran,uk pop
Eddie Cochran,adult standards
Eddie Cochran,brill building pop
Eddie Cochran,rock-and-roll
Electric Light Orchestra,album rock
Electric Light Orchestra,bow pop
Electric Light Orchestra,classic rock
Electric Light Orchestra,mellow gold
Electric Light Orchestra,symphonic rock
Ella Fitzgerald,adult standards
Ellie Goulding,dance pop
Ellie Goulding,edm
Ellie Goulding,metropopolis
Ellie Goulding,post-teen pop
Ellie Goulding,uk pop
Elton John,mellow gold
Elton John,piano rock
Elvis Costello,dance rock
Elvis Costello,mellow gold
Elvis Costello,new wave pop
Elvis Costello,permanent wave
Elvis Costello,pub rock
Elvis Costello,roots rock
Elvis Presley,adult standards
Elvis Presley,rock-and-roll
Eminem,detroit hip hop
Eminem,g funk
Eminem,rap
Emmylou Harris,lilith
Emmylou Harris,melancholia
Emmylou Harris,mellow gold
Emmylou Harris,roots rock
Engelbert Humperdinck,adult standards
Engelbert Humperdinck,brill building pop
Engelbert Humperdinck,lounge
Enrique Iglesias,dance pop
Enya,middle earth
Erasure,dance pop
Erasure,dance rock
Erasure,new wave pop
Eric Clapton,album rock
Eric Clapton,classic rock
Eric Clapton,mellow gold
Erik Santos,opm
Etta James,adult standards
Etta James,torch song
Europe,album rock
Europe,swedish hard rock
Eurythmics,dance pop
Eurythmics,dance rock
Eurythmics,mellow gold
Eurythmics,new wave pop
Everclear,permanent wave
Extreme,album rock
Fabolous,dance pop
Fabolous,gangster rap
Fabolous,pop rap
Fabolous,r&b
Fabolous,rap
Fabolous,urban contemporary
Face To Face,punk
Faces,album rock
Faces,classic rock
Faces,mellow gold
Faces,protopunk
Faces,pub rock
Faces,roots rock
Faith Hill,contemporary country
Faith Hill,country dawn
Faith Hill,country road
Faith No More,funk rock
Falco,german pop
Falco,neue deutsche welle
Fall Out Boy,modern rock
Fifth Harmony,dance pop
Fifth Harmony,girl group
Fifth Harmony,post-teen pop
Fifth Harmony,talent show
Fifth Harmony,viral pop
Fiona Apple,art pop
Fiona Apple,chamber pop
Fiona Apple,lilith
Fiona Apple,permanent wave
Fiona Apple,piano rock
Fleetwood Mac,album rock
Fleetwood Mac,classic rock
Fleetwood Mac,mellow gold
Fleetwood Mac,yacht rock
Flo-Rida,dance pop
Flo-Rida,edm
Flo-Rida,miami hip hop
Flo-Rida,pop rap
Foo Fighters,modern rock
Foo Fighters,permanent wave
Foreigner,album rock
Foreigner,classic rock
Foreigner,mellow gold
Frank Sinatra,adult standards
Frank Sinatra,lounge
Frank Zappa,album rock
Frank Zappa,classic rock
Frank Zappa,instrumental rock
Frank Zappa,protopunk
Frank Zappa,symphonic rock
Frank Zappa,zolo
Frankie Goes To Hollywood,dance rock
Frankie Goes To Hollywood,new wave pop
Frankie Laine,adult standards
Frankie Laine,brill building pop
Frankie Laine,cowboy western
Frankie Laine,deep adult standards
Frankie Laine,lounge
Frankie Laine,rock-and-roll
Frankie Valli,adult standards
Frankie Valli,brill building pop
Frankie Valli,doo-wop
Frankie Valli,motown
Frankie Valli,rock-and-roll
Freddie King,classic rock
Freddie King,traditional blues
Freestyle,classic opm
Freestyle,opm
Freestyle,pinoy rock
Fun.,metropopolis
Fun.,modern rock
Garth Brooks,oklahoma country
Gary Numan,art pop
Gary Numan,dance rock
Gary Numan,new wave pop
Gary Numan,permanent wave
Gary Valenciano,classic opm
Gary Valenciano,opm
Gary Valenciano,papuri
Genesis,album rock
Genesis,classic rock
Genesis,mellow gold
Genesis,symphonic rock
George Formby,british comedy
George Formby,comic
George Formby,music hall
George Harrison,album rock
George Harrison,classic rock
George Harrison,mellow gold
George Harrison,roots rock
George Michael,new wave pop
George Strait,contemporary country
George Strait,country road
Gino Vannelli,adult standards
Gino Vannelli,classic canadian rock
Gino Vannelli,mellow gold
Gino Vannelli,yacht rock
Gipsy Kings,world
Glen Campbell,adult standards
Glen Campbell,arkansas country
Glen Campbell,brill building pop
Glen Campbell,classic country pop
Glen Campbell,classic uk pop
Glen Campbell,lounge
Glen Campbell,mellow gold
Gloria Estefan,dance pop
Gloria Estefan,new wave pop
GMB,contemporary country
Gordon Lightfoot,album rock
Gordon Lightfoot,canadian country
Gordon Lightfoot,canadian folk
Gordon Lightfoot,canadian singer-songwriter
Gordon Lightfoot,classic rock
Gordon Lightfoot,mellow gold
Gordon Lightfoot,roots rock
Grand Funk Railroad,album rock
Grand Funk Railroad,classic rock
Grand Funk Railroad,mellow gold
Grand Funk Railroad,roots rock
Grand Funk Railroad,symphonic rock
Grateful Dead,classic rock
Grateful Dead,cosmic american
Grateful Dead,jam band
Grateful Dead,mellow gold
Grateful Dead,roots rock
Great Big Sea,canadian celtic
Great Big Sea,canadian indie
Great Big Sea,canadian rock
Great Big Sea,celtic rock
Great Big Sea,nl folk
Green Day,permanent wave
Green Day,punk
Gucci Mane,atl hip hop
Gucci Mane,dirty south rap
Gucci Mane,pop rap
Gucci Mane,rap
Gucci Mane,southern hip hop
Guided By Voices,alternative pop
Guided By Voices,dance rock
Guided By Voices,e6fi
Guided By Voices,garage psych
Guided By Voices,gbvfi
Guided By Voices,indie punk
Guided By Voices,modern power pop
Guided By Voices,noise pop
Guided By Voices,ohio indie
Guided By Voices,slow core
,
Hank Snow,canadian country
Hank Snow,canadian singer-songwriter
Hank Williams,country road
Hank Williams Jr.,country road
Hanson,boy band
Hanson,dance pop
Hanson,neo mellow
Happy Mondays,dance rock
Happy Mondays,madchester
Harry Belafonte,adult standards
Harry Belafonte,brill building pop
Harry Belafonte,lounge
"Harry Connick, Jr.",adult standards
"Harry Connick, Jr.",contemporary vocal jazz
"Harry Connick, Jr.",lounge
Heart,album rock
Heart,classic rock
Heart,heartland rock
Heart,mellow gold
Heart,new wave pop
Helloween,german metal
Helloween,metal
Helloween,neo classical metal
Helloween,old school thrash
High School Musical,dance pop
High School Musical,post-teen pop
Hillsong,ccm
Hillsong,christian alternative rock
Hillsong,christian music
Hillsong,world worship
Hillsong,worship
Hillsong United,ccm
Hillsong United,christian alternative rock
Hillsong United,christian music
Hillsong United,world worship
Hillsong United,worship
Hollies,adult standards
Hollies,brill building pop
Hollies,british invasion
Hollies,classic rock
Hollies,classic uk pop
Hollies,mellow gold
Hollies,merseybeat
Hollies,rock-and-roll
Housemartins,dance rock
Housemartins,new wave pop
Howard Jones,dance rock
Howard Jones,mellow gold
Howard Jones,new wave pop
Human League,dance rock
Human League,new wave pop
Human League,permanent wave
Ian Hunter,pub rock
Ian Hunter,roots rock
Ice Cube,g funk
Ice Cube,gangster rap
Ice Cube,rap
Ice Cube,west coast rap
Idina Menzel,hollywood
Idina Menzel,show tunes
Iggy Pop,classic rock
Iggy Pop,dance rock
Iggy Pop,permanent wave
Iggy Pop,protopunk
Iggy Pop,punk
Imagine Dragons,modern rock
Imperials,christian music
Imperials,deep christian rock
Incognito,brit funk
Incubus,funk rock
Incubus,modern rock
,
Indigo Girls,lilith
Ingrid Michaelson,acoustic pop
Ingrid Michaelson,ectofolk
Ingrid Michaelson,indie poptimism
Ingrid Michaelson,indiecoustica
Ingrid Michaelson,lilith
Ingrid Michaelson,neo mellow
Inna,dance pop
Inna,romanian pop
Insane Clown Posse,comic
INXS,australian rock
INXS,dance rock
INXS,funk rock
INXS,mellow gold
INXS,new wave pop
Iron Butterfly,classic rock
Iron Butterfly,symphonic rock
Iron Maiden,album rock
Iron Maiden,metal
Iron Maiden,nwobhm
Irving Berlin,tin pan alley
Isley Brothers,classic soul
Isley Brothers,motown
Isley Brothers,quiet storm
Israel Houghton,gospel
Israel Houghton,world worship
Israel Houghton,worship
J Cole,nc hip hop
J Cole,rap
Jackson Browne,album rock
Jackson Browne,classic rock
Jackson Browne,heartland rock
Jackson Browne,mellow gold
Jackson Browne,piano rock
Jackson Browne,roots rock
The Jam,dance rock
The Jam,mod revival
The Jam,new wave pop
The Jam,punk
James Taylor,adult standards
James Taylor,classic rock
James Taylor,mellow gold
James Taylor,roots rock
Janis Joplin,classic rock
Jason Mraz,acoustic pop
Jason Mraz,neo mellow
Jason Mraz,viral pop
Jennifer Lopez,dance pop
Jennifer Lopez,pop rap
Jennifer Lopez,post-teen pop
Jennifer Lopez,urban contemporary
Jim Croce,album rock
Jim Croce,classic rock
Jim Croce,mellow gold
Jim Croce,roots rock
Jimi Hendrix,album rock
Jimi Hendrix,classic rock
Jimmy Buffett,classic rock
Jimmy Buffett,mellow gold
John Denver,adult standards
John Denver,classic country pop
John Denver,mellow gold
John Legend,neo mellow
John Legend,r&b
John Legend,urban contemporary
John Martyn,british folk
John Martyn,chamber pop
John Martyn,classic uk pop
John McDermott,canadian celtic
John McDermott,irish folk
John Mellencamp,album rock
John Mellencamp,classic rock
John Mellencamp,heartland rock
John Mellencamp,mellow gold
John Prine,mellow gold
John Prine,new americana
John Prine,roots rock
John Waite,album rock
John Waite,mellow gold
John Waite,new wave pop
Johnny Cash,arkansas country
Joni Mitchell,canadian folk
Joni Mitchell,canadian singer-songwriter
Joni Mitchell,lilith
Joni Mitchell,mellow gold
Jose Mari Chan,classic opm
Jose Mari Chan,opm
Josh Groban,adult standards
Journey,album rock
Journey,classic rock
Journey,mellow gold
Joy Division,dance rock
Joy Division,madchester
Joy Division,uk post-punk
Judas Priest,album rock
Judas Priest,birmingham metal
Judas Priest,metal
Judds,country dawn
Judy Garland,adult standards
Judy Garland,lounge
Judy Garland,torch song
Justin Bieber,canadian pop
Justin Bieber,post-teen pop
Justin Timberlake,dance pop
Kanye West,chicago rap
Kanye West,rap
Kari Jobe,anthem worship
Kari Jobe,ccm
Kari Jobe,christian alternative rock
Kari Jobe,christian music
Kari Jobe,world worship
Kari Jobe,worship
Kate Bush,art pop
Kate Bush,dance rock
Kate Bush,new wave pop
Kate Bush,permanent wave
Kate Bush,piano rock
Katy Perry,dance pop
Katy Perry,post-teen pop
Keith Green,christian alternative rock
Keith Green,christian music
Keith Green,deep christian rock
Keith Green,roots worship
Keith Green,worship
Keith Urban,australian pop
Keith Urban,contemporary country
Keith Urban,country road
Kelly Clarkson,dance pop
Kelly Clarkson,neo mellow
Kelly Clarkson,post-teen pop
Kelly Clarkson,talent show
Kelly Clarkson,urban contemporary
,
Kenny Chesney,contemporary country
Kenny Chesney,country road
Kenny Loggins,album rock
Kenny Loggins,mellow gold
Kenny Loggins,new wave pop
Kenny Loggins,yacht rock
Kenny Rogers,adult standards
Kenny Rogers,classic country pop
Kenny Rogers,mellow gold
The Killers,modern rock
The Killers,permanent wave
Kim Wilde,dance pop
Kim Wilde,dance rock
Kim Wilde,new wave pop
King Crimson,album rock
King Crimson,classic rock
King Crimson,instrumental rock
King Crimson,symphonic rock
King Crimson,zolo
King Diamond,album rock
King Diamond,danish metal
King Diamond,metal
Kinks,album rock
Kinks,british invasion
Kinks,classic rock
Kinks,dance rock
Kinks,mellow gold
Kinks,protopunk
Kinks,roots rock
Kirk Franklin,gospel
Kirk Franklin,gospel r&b
Kirsty Maccoll,classic uk pop
Kirsty Maccoll,dance rock
Kirsty Maccoll,new wave pop
Kiss,album rock
Kiss,classic rock
Kiss,metal
Kris Kristofferson,roots rock
Kylie Minogue,australian dance
Kylie Minogue,australian pop
Kylie Minogue,dance pop
Kylie Minogue,disco house
Kylie Minogue,new wave pop
Lady Gaga,dance pop
Lady Gaga,post-teen pop
Lana Del Rey,art pop
Lauryn Hill,dance pop
Lauryn Hill,new jersey rap
Lauryn Hill,r&b
Lauryn Hill,urban contemporary
Lea Salonga,hollywood
Lea Salonga,movie tunes
Lea Salonga,show tunes
Lea Salonga,tagalog worship
Leann Rimes,country dawn
Leann Rimes,dance pop
Lenny Kravitz,permanent wave
Leo Sayer,adult standards
Leo Sayer,classic uk pop
Leo Sayer,mellow gold
Leonard Cohen,canadian folk
Leonard Cohen,canadian singer-songwriter
Leonard Cohen,melancholia
Leonard Cohen,permanent wave
Les Miserables,hollywood
Lil Wayne,new orleans rap
Lil Wayne,pop rap
Lil Wayne,rap
Linda Ronstadt,adult standards
Linda Ronstadt,heartland rock
Linda Ronstadt,lilith
Linda Ronstadt,mellow gold
Lionel Richie,adult standards
Lionel Richie,mellow gold
Lionel Richie,motown
Lionel Richie,quiet storm
Little Mix,dance pop
Little Mix,girl group
Little Mix,post-teen pop
Little Mix,talent show
Little Mix,uk pop
Little Walter,acoustic blues
Little Walter,harmonica blues
Little Walter,traditional blues
LL Cool J,east coast hip hop
LL Cool J,pop rap
LL Cool J,queens hip hop
LL Cool J,r&b
LL Cool J,rap
LL Cool J,southern hip hop
LL Cool J,urban contemporary
Lloyd Cole,dance rock
Lloyd Cole,new wave pop
Lloyd Cole,scottish new wave
Lorde,art pop
Lorde,dance pop
Lorde,metropopolis
Lorde,nz pop
Lorde,post-teen pop
Lou Reed,classic rock
Lou Reed,dance rock
Lou Reed,permanent wave
Lou Reed,protopunk
Louis Armstrong,adult standards
Louis Armstrong,jazz trumpet
Louis Armstrong,new orleans jazz
Louis Jordan,big band
Louis Jordan,rock-and-roll
Lucky Dube,african reggae
Lucky Dube,roots reggae
Luther Vandross,motown
Luther Vandross,quiet storm
Luther Vandross,r&b
Luther Vandross,urban contemporary
Lynyrd Skynyrd,album rock
Lynyrd Skynyrd,classic rock
Lynyrd Skynyrd,mellow gold
Madonna,dance pop
Manowar,comic metal
Manowar,metal
Mariah Carey,dance pop
Mariah Carey,r&b
Mariah Carey,urban contemporary
Marianne Faithfull,british invasion
Marillion,album rock
Marillion,neo-progressive
Marillion,symphonic rock
Marilyn Manson,wrestling
Mark Ronson,dance pop
Mark Ronson,post-teen pop
Mary Black,irish folk
Matt Monro,adult standards
Matt Monro,brill building pop
Matt Monro,classic uk pop
Matt Monro,lounge
Matt Redman,anthem worship
Matt Redman,ccm
Matt Redman,christian alternative rock
Matt Redman,christian music
Matt Redman,uk worship
Matt Redman,world worship
Matt Redman,worship
Mazzy Star,melancholia
Mazzy Star,slow core
Mc Hammer,mexican electronic
Mc Hammer,rap
Meat Loaf,album rock
Meat Loaf,mellow gold
Megadeth,album rock
Megadeth,melodic thrash
Megadeth,metal
Megadeth,old school thrash
Men At Work,album rock
Men At Work,australian rock
Men At Work,dance rock
Men At Work,mellow gold
Men At Work,new wave pop
Metallica,metal
Metallica,old school thrash
Michael Bolton,adult standards
Michael Buble,adult standards
Michael Buble,canadian pop
Michael Buble,lounge
Michael Jackson,r&b
Michael W. Smith,anthem worship
Michael W. Smith,ccm
Michael W. Smith,christian alternative rock
Michael W. Smith,christian music
Michael W. Smith,world worship
Michael W. Smith,worship
Migos,atl hip hop
Migos,pop rap
Migos,rap
Migos,southern hip hop
Miley Cyrus,dance pop
Miley Cyrus,post-teen pop
Misfits,new jersey hardcore
Misfits,new jersey punk
Misfits,punk
Modern Talking,german pop
The Monkees,brill building pop
The Monkees,classic rock
The Monkees,mellow gold
The Monkees,rock-and-roll
Moody Blues,album rock
Moody Blues,british invasion
Moody Blues,classic rock
Moody Blues,classic uk pop
Moody Blues,mellow gold
Moody Blues,symphonic rock
Morrissey,dance rock
Morrissey,madchester
Morrissey,permanent wave
'n Sync,boy band
'n Sync,dance pop
'n Sync,post-teen pop
Nat King Cole,adult standards
Nat King Cole,lounge
Natalie Cole,adult standards
Natalie Cole,lounge
Natalie Cole,mellow gold
Natalie Cole,motown
Natalie Cole,quiet storm
Natalie Grant,anthem worship
Natalie Grant,ccm
Natalie Grant,christian alternative rock
Natalie Grant,christian music
Natalie Grant,worship
Natalie Imbruglia,dance pop
Natalie Imbruglia,lilith
Natalie Imbruglia,new wave pop
Nazareth,album rock
Nazareth,classic rock
Nazareth,metal
Ne-Yo,dance pop
Ne-Yo,pop rap
Ne-Yo,r&b
Ne-Yo,urban contemporary
Neil Diamond,adult standards
Neil Diamond,brill building pop
Neil Diamond,mellow gold
Neil Diamond,yacht rock
Neil Sedaka,adult standards
Neil Sedaka,brill building pop
Neil Sedaka,lounge
Neil Sedaka,mellow gold
Neil Sedaka,merseybeat
Neil Young,album rock
Neil Young,canadian singer-songwriter
Neil Young,classic canadian rock
Neil Young,classic rock
Neil Young,mellow gold
Neil Young,permanent wave
Neil Young,roots rock
New Order,dance rock
New Order,madchester
New Order,new wave pop
New Order,permanent wave
New Order,uk post-punk
Nick Cave,permanent wave
Nick Drake,british folk
Nick Drake,chamber pop
Nick Drake,melancholia
Nick Drake,slow core
Nickelback,canadian rock
Nicki Minaj,dance pop
Nicki Minaj,pop rap
Nicki Minaj,post-teen pop
Nicki Minaj,queens hip hop
Nightwish,finnish metal
Nightwish,gothic symphonic metal
Nina Simone,adult standards
Nina Simone,torch song
Nine Inch Nails,cyberpunk
Nirvana,permanent wave
Nitty Gritty Dirt Band,mellow gold
Nitty Gritty Dirt Band,roots rock
NOFX,punk
NOFX,socal pop punk
Norah Jones,adult standards
Norah Jones,contemporary vocal jazz
Norah Jones,neo mellow
Notorious B.I.G.,east coast hip hop
Notorious B.I.G.,gangster rap
Notorious B.I.G.,rap
O.A.R.,acoustic pop
O.A.R.,neo mellow
Oasis,madchester
Oasis,modern rock
Oasis,permanent wave
Ocean Colour Scene,madchester
Ocean Colour Scene,mod revival
Offspring,permanent wave
Offspring,punk
Offspring,socal pop punk
Ofra Haza,classic israeli pop
Ofra Haza,israeli singer-songwriter
Ofra Haza,mizrahi
Ofra Haza,world
Oingo Boingo,comic
Oingo Boingo,dance rock
Oingo Boingo,new wave pop
Oingo Boingo,zolo
Old 97's,dallas indie
Old 97's,new americana
Old 97's,roots rock
Olivia Newton-John,adult standards
Olivia Newton-John,australian dance
Olivia Newton-John,mellow gold
Olivia Newton-John,new wave pop
Olly Murs,dance pop
Olly Murs,post-teen pop
Olly Murs,talent show
Olly Murs,uk pop
Omd,dance rock
Omd,new wave pop
Omd,permanent wave
One Direction,boy band
One Direction,dance pop
One Direction,post-teen pop
One Direction,talent show
OneRepublic,dance pop
OneRepublic,neo mellow
OneRepublic,piano rock
Opeth,metal
Opeth,swedish metal
Orphaned Land,israeli metal
Orphaned Land,oriental metal
Oscar Hammerstein,broadway
Otis Redding,classic soul
Otis Redding,memphis soul
Our Lady Peace,canadian rock
Our Lady Peace,modern rock
Our Lady Peace,wrestling
Out Of Eden,gospel r&b
Outkast,atl hip hop
Outkast,dirty south rap
Outkast,pop rap
Outkast,rap
Outkast,southern hip hop
Overkill,metal
Overkill,old school thrash
Owl City,post-teen pop
Ozzy Osbourne,album rock
Ozzy Osbourne,birmingham metal
Ozzy Osbourne,metal
Passenger,folk-pop
Passenger,neo mellow
Pat Benatar,album rock
Pat Benatar,classic rock
Pat Benatar,dance rock
Pat Benatar,heartland rock
Pat Benatar,mellow gold
Pat Benatar,new wave pop
Patsy Cline,adult standards
Patti Smith,art pop
Patti Smith,dance rock
Patti Smith,permanent wave
Patti Smith,protopunk
Paul McCartney,album rock
Paul McCartney,classic rock
Paul McCartney,mellow gold
Paul Simon,classic rock
Paul Simon,mellow gold
Paul Simon,permanent wave
Paul Simon,roots rock
Pearl Jam,permanent wave
Perry Como,adult standards
Perry Como,brill building pop
Perry Como,lounge
Pet Shop Boys,art pop
Pet Shop Boys,dance pop
Pet Shop Boys,dance rock
Pet Shop Boys,new wave pop
Pet Shop Boys,permanent wave
Peter Cetera,adult standards
Peter Cetera,mellow gold
Peter Cetera,new wave pop
Peter Gabriel,album rock
Peter Gabriel,art pop
Peter Gabriel,classic rock
Peter Gabriel,dance rock
Peter Gabriel,mellow gold
Peter Gabriel,permanent wave
Peter Gabriel,symphonic rock
Peter Tosh,roots reggae
Pharrell Williams,dance pop
Pharrell Williams,pop rap
Phil Collins,mellow gold
,
Phish,jam band
Phish,roots rock
Pink Floyd,album rock
Pink Floyd,classic rock
Pink Floyd,symphonic rock
Pitbull,dance pop
Pitbull,miami hip hop
Pitbull,pop rap
Planetshakers,ccm
Planetshakers,christian alternative rock
Planetshakers,christian music
Planetshakers,world worship
Planetshakers,worship
P!nk,dance pop
P!nk,post-teen pop
Pogues,celtic rock
Pogues,irish folk
Pogues,punk
Point Of Grace,ccm
Point Of Grace,christian alternative rock
Point Of Grace,christian music
Point Of Grace,worship
Poison,album rock
Pretenders,album rock
Pretenders,classic rock
Pretenders,dance rock
Pretenders,heartland rock
Pretenders,lilith
Pretenders,mellow gold
Pretenders,new wave pop
Pretenders,permanent wave
Primus,comic
Primus,funk rock
Prince,funk rock
Prince,minneapolis sound
Prince,motown
Proclaimers,celtic rock
Proclaimers,new wave pop
Proclaimers,scottish rock
Procol Harum,album rock
Procol Harum,british invasion
Procol Harum,classic rock
Procol Harum,classic uk pop
Procol Harum,symphonic rock
Puff Daddy,dance pop
Puff Daddy,east coast hip hop
Puff Daddy,pop rap
Puff Daddy,r&b
Puff Daddy,rap
Q-Tip,east coast hip hop
Q-Tip,queens hip hop
Qntal,medieval folk
Qntal,neoclassical
Qntal,neue deutsche todeskunst
Qntal,rune folk
Quarashi,icelandic hip hop
Quarashi,icelandic rock
Quarterflash,album rock
Quarterflash,new wave pop
,
Queen Latifah,east coast hip hop
Queen Latifah,new jersey rap
Queens Of The Stone Age,modern rock
Queens Of The Stone Age,palm desert scene
Queens Of The Stone Age,stoner metal
Queensryche,album rock
Queensryche,metal
Quicksand,emo punk
Quicksand,nyhc
Quicksilver Messenger Service,classic garage rock
Quicksilver Messenger Service,classic rock
Quicksilver Messenger Service,symphonic rock
Quiet Riot,album rock
Quiet Riot,classic rock
Quiet Riot,metal
Quietdrive,neo mellow
Quietdrive,neon pop punk
Quietdrive,pixie
Quietdrive,pop emo
Quincy Jones,adult standards
Quincy Jones,jazz funk
Quincy Jones,motown
Quincy Jones,quiet storm
,
Radiohead,melancholia
Radiohead,oxford indie
Radiohead,permanent wave
Raffi,canadian children's music
Raffi,children's folk
Raffi,children's music
Rammstein,german metal
Rammstein,neue deutsche harte
Ramones,classic rock
Ramones,early us punk
Ramones,permanent wave
Ramones,punk
Randy Travis,country gospel
Randy Travis,country road
Rascal Flatts,contemporary country
Rascal Flatts,country road
Ray Boltz,christian music
Ray Charles,adult standards
Ray Charles,classic soul
Ray Charles,piano blues
Reba Mcentire,contemporary country
Reba Mcentire,country dawn
Reba Mcentire,oklahoma country
Red Hot Chili Peppers,funk rock
Red Hot Chili Peppers,permanent wave
Regine Velasquez,classic opm
Regine Velasquez,opm
Regine Velasquez,pinoy rock
Rem,bronx hip hop
Rem,r&b
Rem,trap queen
Reo Speedwagon,album rock
Reo Speedwagon,classic rock
Reo Speedwagon,heartland rock
Reo Speedwagon,mellow gold
Richard Marx,album rock
Richard Marx,mellow gold
Richard Marx,new wave pop
Rick Astley,dance rock
Rick Astley,new wave pop
Rihanna,barbadian pop
Rihanna,dance pop
Rihanna,post-teen pop
Rihanna,r&b
Rihanna,urban contemporary
Robbie Williams,dance pop
Rod Stewart,adult standards
Rod Stewart,mellow gold
Rolling Stones,album rock
Rolling Stones,british invasion
Rolling Stones,classic rock
Rolling Stones,protopunk
Roxette,swedish pop
Roxy Music,album rock
Roxy Music,classic rock
Roxy Music,classic uk pop
Roxy Music,dance rock
Roxy Music,melancholia
Roxy Music,mellow gold
Roxy Music,new wave pop
Roxy Music,protopunk
Roy Orbison,adult standards
Roy Orbison,brill building pop
Roy Orbison,classic rock
Roy Orbison,mellow gold
Roy Orbison,rock-and-roll
Rush,album rock
Rush,canadian metal
Rush,classic canadian rock
Rush,classic rock
Rush,metal
Sam Smith,post-teen pop
Sam Smith,uk pop
Santana,classic rock
Santana,mexican classic rock
Savage Garden,boy band
Savage Garden,dance pop
Scorpions,album rock
Scorpions,german hard rock
Scorpions,german metal
Scorpions,german rock
Scorpions,metal
Selah,anthem worship
Selah,ccm
Selah,christian alternative rock
Selah,christian music
Selah,christian relaxative
Selah,roots worship
Selah,world worship
Selah,worship
Selena Gomez,dance pop
Selena Gomez,post-teen pop
Sia,australian dance
Sia,australian pop
Sia,dance pop
Side A,classic opm
Side A,opm
Side A,pinoy rock
Slayer,metal
Slayer,old school thrash
Smiths,dance rock
Smiths,madchester
Smiths,permanent wave
Smiths,uk post-punk
Snoop Dogg,g funk
Snoop Dogg,gangster rap
Snoop Dogg,rap
Snoop Dogg,west coast rap
Soundgarden,modern rock
Spandau Ballet,dance rock
Spandau Ballet,mellow gold
Spandau Ballet,new wave pop
Squeeze,classic uk pop
Squeeze,dance rock
Squeeze,new wave pop
Squeeze,pub rock
Starship,album rock
Starship,dance rock
Starship,mellow gold
Starship,new wave pop
Status Quo,album rock
Status Quo,british blues
Status Quo,classic rock
Status Quo,classic uk pop
Steely Dan,album rock
Steely Dan,classic rock
Steely Dan,mellow gold
Steely Dan,roots rock
Steely Dan,yacht rock
Steve Miller Band,album rock
Steve Miller Band,classic rock
Steve Miller Band,heartland rock
Steve Miller Band,mellow gold
Steve Miller Band,roots rock
Stevie Ray Vaughan,album rock
Stevie Ray Vaughan,classic rock
Stevie Ray Vaughan,instrumental rock
Stevie Ray Vaughan,modern blues
Stevie Wonder,adult standards
Stevie Wonder,motown
Stevie Wonder,quiet storm
Sting,permanent wave
Stone Roses,madchester
Stone Roses,modern rock
Styx,album rock
Styx,classic rock
Styx,mellow gold
Styx,symphonic rock
Sublime,ska mexicano
Supertramp,album rock
Supertramp,classic rock
Supertramp,mellow gold
Supertramp,piano rock
Talking Heads,dance rock
Talking Heads,funk rock
Talking Heads,permanent wave
Talking Heads,zolo
Taylor Swift,dance pop
Taylor Swift,post-teen pop
Tears For Fears,dance rock
Tears For Fears,new wave pop
Tears For Fears,permanent wave
The Temptations,adult standards
The Temptations,brill building pop
The Temptations,classic soul
The Temptations,memphis soul
The Temptations,motown
Ten Years After,album rock
Ten Years After,british blues
Ten Years After,classic rock
Ten Years After,roots rock
Ten Years After,symphonic rock
The Broadways,chicago punk
The Broadways,orgcore
The Script,celtic rock
The Script,neo mellow
The Script,post-teen pop
The Script,viral pop
The Weeknd,canadian contemporary r&b
The Weeknd,canadian pop
Thin Lizzy,album rock
Thin Lizzy,classic rock
Thin Lizzy,metal
Tiffany,new wave pop
Tim Buckley,art pop
Tim Buckley,cosmic american
Tim Buckley,roots rock
Tim McGraw,contemporary country
Tim McGraw,country road
Tina Turner,mellow gold
Tina Turner,new wave pop
Tom Jones,adult standards
Tom Jones,british invasion
Tom Jones,mellow gold
Tom Lehrer,comic
Tom T. Hall,classic country pop
Tom Waits,roots rock
Tori Amos,art pop
Tori Amos,ectofolk
Tori Amos,lilith
Tori Amos,melancholia
Tori Amos,new wave pop
Tori Amos,permanent wave
Tori Amos,piano rock
Toto,album rock
Toto,classic rock
Toto,mellow gold
Toto,yacht rock
Townes Van Zandt,cosmic american
Townes Van Zandt,new americana
Townes Van Zandt,roots rock
Tracy Chapman,lilith
Tragically Hip,canadian indie
Tragically Hip,canadian rock
Tragically Hip,deep new americana
Tragically Hip,kingston on indie
Tragically Hip,ontario indie
Train,dance pop
Train,neo mellow
Train,post-teen pop
Travis,rap
Twenty One Pilots,modern rock
U2,irish rock
U2,permanent wave
UB40,uk reggae
Ufo,album rock
Ufo,classic rock
Ufo,metal
Ugly Kid Joe,funk rock
Ultramagnetic Mc's,bronx hip hop
Ultramagnetic Mc's,east coast hip hop
Ultramagnetic Mc's,turntablism
Ultravox,classic uk pop
Ultravox,dance rock
Ultravox,new wave pop
Ultravox,zolo
Uncle Kracker,country road
Uncle Kracker,neo mellow
Uncle Tupelo,heartland rock
Uncle Tupelo,new americana
Uncle Tupelo,roots rock
Underoath,tampa indie
Unearth,boston metal
Unkle,ninja
Unseen,boston hardcore
Unseen,boston punk
Unseen,punk
Unwritten Law,punk
Uriah Heep,album rock
Uriah Heep,classic rock
Uriah Heep,metal
Uriah Heep,symphonic rock
Usher,atl hip hop
Usher,dance pop
Usher,r&b
Usher,urban contemporary
Utada Hikaru,japanese singer-songwriter
Utopia,symphonic rock
Van Halen,album rock
Van Halen,classic rock
Van Halen,metal
Van Morrison,classic rock
Van Morrison,mellow gold
Van Morrison,roots rock
Vanessa Williams,quiet storm
Vanessa Williams,urban contemporary
Vangelis,cyberpunk
Vangelis,new age
Vanilla Ice,miami hip hop
Velvet Underground,classic rock
Velvet Underground,melancholia
Velvet Underground,permanent wave
Velvet Underground,protopunk
Vengaboys,dance pop
Vera Lynn,adult standards
Vera Lynn,big band
Vera Lynn,lounge
Vertical Horizon,neo mellow
Veruca Salt,alternative pop
Veruca Salt,lilith
Verve,modern rock
Verve,neo mellow
Verve,permanent wave
Vince Gill,oklahoma country
Violent Femmes,acoustic punk
Violent Femmes,dance rock
Violent Femmes,punk
Virgin Steele,melodic metal
Virgin Steele,metal
Virgin Steele,neo classical metal
Virgin Steele,neo-trad metal
Virgin Steele,nwothm
,
Walk The Moon,indie poptimism
Walk The Moon,modern alternative rock
Walk The Moon,modern rock
Wanda Jackson,oklahoma country
Wanda Jackson,rock-and-roll
Wang Chung,album rock
Wang Chung,dance rock
Wang Chung,mellow gold
Wang Chung,new wave pop
Warren Zevon,classic rock
Warren Zevon,heartland rock
Warren Zevon,mellow gold
Warren Zevon,piano rock
Warren Zevon,roots rock
W.A.S.P.,album rock
W.A.S.P.,metal
Waterboys,celtic rock
Waterboys,dance rock
Waterboys,new wave pop
Waterboys,scottish new wave
Waterboys,scottish rock
Ween,comic
Weezer,modern power pop
Weezer,modern rock
Weezer,permanent wave
Weird Al Yankovic,antiviral pop
Weird Al Yankovic,comic
Westlife,boy band
Westlife,dance pop
Wet Wet Wet,boy band
Wet Wet Wet,dance rock
Wet Wet Wet,new wave pop
Wham!,dance rock
Wham!,new wave pop
Whiskeytown,new americana
Whiskeytown,roots rock
The White Stripes,modern blues rock
The White Stripes,modern rock
The White Stripes,permanent wave
Whitesnake,album rock
Whitesnake,british blues
Whitesnake,classic rock
Whitesnake,metal
Whitney Houston,dance pop
Whitney Houston,urban contemporary
Who,album rock
Who,british invasion
Who,classic rock
Who,mellow gold
Who,protopunk
Who,roots rock
Widespread Panic,jam band
Widespread Panic,roots rock
Willie Nelson,classic country pop
Wilson Phillips,girl group
Wilson Phillips,new wave pop
Wilson Pickett,adult standards
Wilson Pickett,brill building pop
Wilson Pickett,classic rock
Wilson Pickett,classic soul
Wilson Pickett,memphis soul
Wilson Pickett,motown
Wilson Pickett,rock-and-roll
Wishbone Ash,album rock
Wishbone Ash,british blues
Wishbone Ash,classic rock
Wishbone Ash,classic uk pop
Wishbone Ash,german rock
Wishbone Ash,symphonic rock
Within Temptation,dutch metal
Within Temptation,gothic symphonic metal
Wiz Khalifa,pittsburgh rap
Wiz Khalifa,pop rap
Wiz Khalifa,rap
Wiz Khalifa,southern hip hop
Wu-Tang Clan,east coast hip hop
Wu-Tang Clan,gangster rap
Wu-Tang Clan,rap
Wyclef Jean,rap kreyol
X Japan,j-metal
X Japan,japanese heavy metal
X Japan,japanese power metal
X-Raided,g funk
X-Raided,gangster rap
X-Raided,west coast trap
X-Ray Spex,dance rock
X-Ray Spex,pub rock
X-Ray Spex,punk
Xandria,german metal
Xandria,gothic symphonic metal
Xandria,slayer
Xavier Naidoo,german pop
Xavier Rudd,australian indie folk
Xavier Rudd,australian reggae fusion
Xavier Rudd,neo mellow
Xentrix,old school thrash
Xiu Xiu,art pop
Xiu Xiu,bay area indie
Xiu Xiu,chamber pop
Xiu Xiu,escape room
Xiu Xiu,experimental pop
Xiu Xiu,grave wave
Xiu Xiu,noise pop
Xiu Xiu,slow core
Xscape,atl hip hop
Xscape,dance pop
Xscape,deep pop r&b
Xscape,girl group
Xscape,quiet storm
Xscape,r&b
Xscape,urban contemporary
XTC,art pop
XTC,dance rock
XTC,new wave pop
XTC,pub rock
XTC,zolo
Xzibit,detroit hip hop
Xzibit,g funk
Xzibit,gangster rap
Xzibit,pop rap
Xzibit,rap
Xzibit,west coast rap
Yazoo,dance rock
Yazoo,new wave pop
Yeah Yeah Yeahs,art pop
Yeah Yeah Yeahs,modern rock
Yelawolf,alabama rap
Yelawolf,pop rap
Yelawolf,rap
Yelawolf,southern hip hop
Yello,bass trap
Yello,edm
Yello,electronic trap
Yellowcard,bow pop
Yellowcard,socal pop punk
Yeng Constantino,classic opm
Yeng Constantino,opm
Yes,album rock
Yes,classic rock
Yes,symphonic rock
YG,cali rap
YG,gangster rap
YG,pop rap
YG,rap
YG,southern hip hop
Ying Yang Twins,atl hip hop
Ying Yang Twins,dance pop
Ying Yang Twins,dirty south rap
Ying Yang Twins,gangster rap
Ying Yang Twins,pop rap
Ying Yang Twins,rap
Ying Yang Twins,southern hip hop
Yngwie Malmsteen,album rock
Yngwie Malmsteen,instrumental rock
Yngwie Malmsteen,metal
Yngwie Malmsteen,metal guitar
Yngwie Malmsteen,neo classical metal
Yngwie Malmsteen,shred
Yngwie Malmsteen,swedish hard rock
Yo Gotti,dirty south rap
Yo Gotti,gangster rap
Yo Gotti,memphis hip hop
Yo Gotti,pop rap
Yo Gotti,rap
Yo Gotti,southern hip hop
Yo La Tengo,art pop
Yo La Tengo,chamber pop
Yo La Tengo,new jersey indie
Yo La Tengo,noise pop
Yo La Tengo,permanent wave
Yo La Tengo,slow core
Yoko Ono,experimental pop
Yolanda Adams,gospel
Yolanda Adams,gospel r&b
Yonder Mountain String Band,banjo
Yonder Mountain String Band,jam band
Yonder Mountain String Band,jamgrass
Yonder Mountain String Band,new americana
Yonder Mountain String Band,string band
You Am I,australian alternative rock
You Am I,australian indie
You Am I,australian rock
Young Buck,dirty south rap
Young Buck,gangster rap
Young Buck,pop rap
Young Buck,rap
Young Buck,southern hip hop
Young Dro,atl hip hop
Young Dro,dirty south rap
Young Dro,gangster rap
Young Dro,pop rap
Young Dro,rap
Young Dro,southern hip hop
Young Jeezy,atl hip hop
Young Jeezy,dirty south rap
Young Jeezy,gangster rap
Young Jeezy,pop rap
Young Jeezy,rap
Young Jeezy,southern hip hop
Youngbloodz,atl hip hop
Youngbloodz,dirty south rap
Youngbloodz,gangster rap
Youngbloodz,pop rap
Youngbloodz,rap
Youngbloodz,southern hip hop
Youth Of Today,connecticut hardcore
Youth Of Today,nyhc
Youth Of Today,punk
Youth Of Today,straight edge
Youth Of Today,vegan straight edge
Yukmouth,west coast rap
Yukmouth,west coast trap
Yung Joc,atl hip hop
Yung Joc,dirty south rap
Yung Joc,gangster rap
Yung Joc,pop rap
Yung Joc,rap
Yung Joc,southern hip hop
Z-Ro,dirty south rap
Z-Ro,gangster rap
Z-Ro,houston rap
Z-Ro,latin hip hop
Z-Ro,southern hip hop
Zac Brown Band,contemporary country
Zac Brown Band,country road
Zac Brown Band,modern country rock
Zakk Wylde,metal
Zao,christian hardcore
Zao,west virginia metal
Zayn Malik,dance pop
Zayn Malik,post-teen pop
Zayn Malik,uk pop
Zebrahead,punk
Zeromancer,ebm
Ziggy Marley,roots reggae
Zoegirl,christian alternative rock
Zoegirl,christian music
Zox,rhode island indie
Zucchero,classic italian pop
Zucchero,italian pop
Zucchero,italian pop rock
ZZ Top,album rock
ZZ Top,classic rock
ZZ Top,metal
,
Van Der Graaf Generator,neo-progressive
Van Der Graaf Generator,symphonic rock
Zazie,french rock
Zazie,nouvelle chanson francaise
